-- phpMyAdmin SQL Dump
-- version 4.7.4
-- https://www.phpmyadmin.net/
--
-- Host: 127.0.0.1
-- Generation Time: Jan 19, 2019 at 08:26 PM
-- Server version: 10.1.28-MariaDB
-- PHP Version: 7.2.7

SET SQL_MODE = "NO_AUTO_VALUE_ON_ZERO";
SET AUTOCOMMIT = 0;
START TRANSACTION;
SET time_zone = "+00:00";


/*!40101 SET @OLD_CHARACTER_SET_CLIENT=@@CHARACTER_SET_CLIENT */;
/*!40101 SET @OLD_CHARACTER_SET_RESULTS=@@CHARACTER_SET_RESULTS */;
/*!40101 SET @OLD_COLLATION_CONNECTION=@@COLLATION_CONNECTION */;
/*!40101 SET NAMES utf8mb4 */;

--
-- Database: `theatron`
--

-- --------------------------------------------------------

--
-- Table structure for table `actors`
--

CREATE TABLE `actors` (
  `act_id` int(10) UNSIGNED NOT NULL,
  `act_character_id` int(10) UNSIGNED NOT NULL,
  `act_performance_id` bigint(20) UNSIGNED NOT NULL,
  `act_people_id` int(10) UNSIGNED NOT NULL
) ENGINE=InnoDB DEFAULT CHARSET=utf8;

--
-- Dumping data for table `actors`
--

INSERT INTO `actors` (`act_id`, `act_character_id`, `act_performance_id`, `act_people_id`) VALUES
(1, 1, 1, 1),
(2, 2, 1, 2),
(3, 7, 2, 4),
(4, 8, 2, 5),
(5, 9, 2, 6),
(6, 10, 2, 3);

-- --------------------------------------------------------

--
-- Table structure for table `authors`
--

CREATE TABLE `authors` (
  `aut_id` mediumint(8) UNSIGNED NOT NULL,
  `aut_name` varchar(50) NOT NULL
) ENGINE=InnoDB DEFAULT CHARSET=utf8;

--
-- Dumping data for table `authors`
--

INSERT INTO `authors` (`aut_id`, `aut_name`) VALUES
(1, 'Henrik Ibsen'),
(2, 'Anton Checkov'),
(3, 'Lev Tolstoy'),
(4, 'Arthur Miller');

-- --------------------------------------------------------

--
-- Table structure for table `card_details`
--

CREATE TABLE `card_details` (
  `crd_id` int(10) UNSIGNED NOT NULL,
  `crd_order_id` int(10) UNSIGNED NOT NULL,
  `crd_card_type` varchar(4) NOT NULL,
  `crd_card_holder` varchar(55) NOT NULL,
  `crd_bin` varchar(6) NOT NULL,
  `crd_last` varchar(4) NOT NULL
) ENGINE=InnoDB DEFAULT CHARSET=utf8;

-- --------------------------------------------------------

--
-- Table structure for table `characters`
--

CREATE TABLE `characters` (
  `char_id` int(10) UNSIGNED NOT NULL,
  `char_play_id` mediumint(8) UNSIGNED NOT NULL,
  `char_name` varchar(40) NOT NULL
) ENGINE=InnoDB DEFAULT CHARSET=utf8;

--
-- Dumping data for table `characters`
--

INSERT INTO `characters` (`char_id`, `char_play_id`, `char_name`) VALUES
(2, 2, 'Astrov'),
(1, 2, 'Uncle Vanya'),
(8, 5, 'Esther Franz'),
(10, 5, 'Gregory Solomon'),
(7, 5, 'Victor Franz'),
(9, 5, 'Walter Franz');

-- --------------------------------------------------------

--
-- Table structure for table `genres`
--

CREATE TABLE `genres` (
  `gen_id` tinyint(3) UNSIGNED NOT NULL,
  `gen_title` varchar(40) NOT NULL
) ENGINE=InnoDB DEFAULT CHARSET=utf8;

--
-- Dumping data for table `genres`
--

INSERT INTO `genres` (`gen_id`, `gen_title`) VALUES
(3, 'Comedy'),
(1, 'Drama'),
(2, 'Tragedy');

-- --------------------------------------------------------

--
-- Table structure for table `orders`
--

CREATE TABLE `orders` (
  `ord_id` int(10) UNSIGNED NOT NULL,
  `ord_performance_id` bigint(20) UNSIGNED NOT NULL,
  `ord_season_id` tinyint(3) UNSIGNED NOT NULL DEFAULT '1',
  `ord_date` date NOT NULL,
  `ord_perf_date_id` int(10) UNSIGNED NOT NULL DEFAULT '1',
  `ord_name` varchar(50) NOT NULL,
  `ord_surname` varchar(60) NOT NULL,
  `ord_mobile` varchar(15) NOT NULL,
  `ord_email` varchar(50) NOT NULL,
  `ord_ccfees` decimal(4,2) UNSIGNED NOT NULL,
  `ord_tickets` decimal(4,2) UNSIGNED NOT NULL,
  `ord_total` decimal(4,2) UNSIGNED NOT NULL,
  `ord_void` tinyint(3) UNSIGNED NOT NULL DEFAULT '0',
  `ord_success` tinyint(3) UNSIGNED NOT NULL,
  `ord_created_at` datetime NOT NULL
) ENGINE=InnoDB DEFAULT CHARSET=utf8;

--
-- Dumping data for table `orders`
--

INSERT INTO `orders` (`ord_id`, `ord_performance_id`, `ord_season_id`, `ord_date`, `ord_perf_date_id`, `ord_name`, `ord_surname`, `ord_mobile`, `ord_email`, `ord_ccfees`, `ord_tickets`, `ord_total`, `ord_void`, `ord_success`, `ord_created_at`) VALUES
(1, 1, 1, '2019-01-07', 3, '', '', '', '', '0.00', '0.00', '0.00', 0, 1, '0000-00-00 00:00:00'),
(2, 1, 1, '2019-01-07', 3, '', '', '', '', '0.00', '0.00', '0.00', 0, 0, '0000-00-00 00:00:00');

-- --------------------------------------------------------

--
-- Table structure for table `order_item`
--

CREATE TABLE `order_item` (
  `itm_id` int(10) UNSIGNED NOT NULL,
  `itm_order_id` int(10) UNSIGNED NOT NULL,
  `itm_type_id` tinyint(3) UNSIGNED NOT NULL,
  `itm_seatno` varchar(12) NOT NULL,
  `itm_ticket` varchar(10) NOT NULL,
  `itm_price` decimal(4,2) UNSIGNED NOT NULL,
  `itm_void` tinyint(4) NOT NULL DEFAULT '0'
) ENGINE=InnoDB DEFAULT CHARSET=utf8;

--
-- Dumping data for table `order_item`
--

INSERT INTO `order_item` (`itm_id`, `itm_order_id`, `itm_type_id`, `itm_seatno`, `itm_ticket`, `itm_price`, `itm_void`) VALUES
(1, 1, 1, 'VIP_R23_C33', '', '0.00', 0),
(2, 1, 1, 'VIP_R23_C34', '', '0.00', 0),
(3, 1, 1, 'VIP_R23_C32', '', '0.00', 1),
(4, 1, 1, 'BALCB_R2_C34', '', '0.00', 0),
(5, 1, 1, 'BALCB_R3_C36', '', '0.00', 0),
(6, 1, 1, 'BALCB_R3_C34', '', '0.00', 0),
(7, 1, 1, 'BALCB_R3_C38', '', '0.00', 0),
(8, 1, 1, 'BALCB_R2_C32', '', '0.00', 0),
(9, 2, 1, 'bababa', '', '0.00', 0);

-- --------------------------------------------------------

--
-- Table structure for table `people`
--

CREATE TABLE `people` (
  `ppl_id` int(10) UNSIGNED NOT NULL,
  `ppl_fullname` varchar(66) NOT NULL
) ENGINE=InnoDB DEFAULT CHARSET=utf8;

--
-- Dumping data for table `people`
--

INSERT INTO `people` (`ppl_id`, `ppl_fullname`) VALUES
(1, 'Κιμούλης'),
(2, 'Νούσιας'),
(3, 'Μιχαλακόπουλο'),
(4, 'Σκιαδαρέσης'),
(5, 'Λουϊζίδου'),
(6, 'Σαπουντζής');

-- --------------------------------------------------------

--
-- Table structure for table `performance`
--

CREATE TABLE `performance` (
  `per_id` bigint(20) UNSIGNED NOT NULL,
  `per_play_id` mediumint(8) UNSIGNED NOT NULL,
  `per_season_id` tinyint(3) UNSIGNED NOT NULL DEFAULT '1',
  `per_theater_id` int(10) UNSIGNED NOT NULL,
  `per_director_id` int(10) UNSIGNED NOT NULL,
  `per_duration` smallint(5) UNSIGNED NOT NULL,
  `per_from_date` date NOT NULL,
  `per_to_date` date NOT NULL,
  `per_created_at` datetime NOT NULL
) ENGINE=InnoDB DEFAULT CHARSET=utf8;

--
-- Dumping data for table `performance`
--

INSERT INTO `performance` (`per_id`, `per_play_id`, `per_season_id`, `per_theater_id`, `per_director_id`, `per_duration`, `per_from_date`, `per_to_date`, `per_created_at`) VALUES
(1, 2, 1, 1, 1, 120, '2018-12-01', '2019-03-06', '2019-01-06 00:00:00'),
(2, 5, 2, 4, 3, 120, '2019-01-10', '2019-06-20', '2019-01-18 13:19:15');

-- --------------------------------------------------------

--
-- Table structure for table `performance_dates`
--

CREATE TABLE `performance_dates` (
  `prd_id` int(10) UNSIGNED NOT NULL,
  `prd_performance_id` bigint(20) UNSIGNED NOT NULL,
  `prd_season_id` tinyint(3) UNSIGNED NOT NULL DEFAULT '1',
  `prd_date` date NOT NULL
) ENGINE=InnoDB DEFAULT CHARSET=utf8;

--
-- Dumping data for table `performance_dates`
--

INSERT INTO `performance_dates` (`prd_id`, `prd_performance_id`, `prd_season_id`, `prd_date`) VALUES
(1, 1, 1, '2019-01-03'),
(3, 1, 1, '2019-01-07'),
(10, 1, 1, '2019-01-15'),
(8, 2, 1, '2018-01-17'),
(9, 2, 1, '2018-05-17'),
(4, 2, 2, '2019-01-08'),
(5, 2, 2, '2019-01-09'),
(6, 2, 2, '2019-01-10'),
(7, 2, 2, '2019-04-10');

-- --------------------------------------------------------

--
-- Table structure for table `plays`
--

CREATE TABLE `plays` (
  `ply_id` mediumint(8) UNSIGNED NOT NULL,
  `ply_title` varchar(40) NOT NULL,
  `ply_author_id` mediumint(8) UNSIGNED NOT NULL,
  `ply_genre_id` tinyint(3) UNSIGNED NOT NULL DEFAULT '1'
) ENGINE=InnoDB DEFAULT CHARSET=utf8;

--
-- Dumping data for table `plays`
--

INSERT INTO `plays` (`ply_id`, `ply_title`, `ply_author_id`, `ply_genre_id`) VALUES
(1, 'WIlduck', 1, 1),
(2, 'Uncle Vanya', 2, 1),
(3, 'Master and Man', 3, 1),
(4, 'An Enemy of the People', 1, 1),
(5, 'The Price', 4, 1);

-- --------------------------------------------------------

--
-- Table structure for table `pricing`
--

CREATE TABLE `pricing` (
  `pri_id` int(10) UNSIGNED NOT NULL,
  `pri_performance_id` bigint(20) UNSIGNED NOT NULL,
  `pri_seasonid` tinyint(3) UNSIGNED NOT NULL DEFAULT '1',
  `pri_zone_id` smallint(5) UNSIGNED NOT NULL,
  `pri_type_id` tinyint(3) UNSIGNED NOT NULL,
  `pri_price` decimal(4,2) UNSIGNED NOT NULL DEFAULT '45.00'
) ENGINE=InnoDB DEFAULT CHARSET=utf8;

--
-- Dumping data for table `pricing`
--

INSERT INTO `pricing` (`pri_id`, `pri_performance_id`, `pri_seasonid`, `pri_zone_id`, `pri_type_id`, `pri_price`) VALUES
(1, 1, 1, 1, 1, '35.00'),
(4, 1, 1, 1, 4, '20.00'),
(5, 1, 1, 2, 1, '25.00'),
(8, 1, 1, 2, 4, '20.00'),
(9, 1, 1, 3, 1, '18.00'),
(10, 1, 1, 3, 2, '10.00'),
(11, 1, 1, 3, 3, '12.00'),
(12, 1, 1, 3, 4, '15.00'),
(13, 1, 1, 4, 1, '18.00'),
(14, 1, 1, 4, 2, '10.00'),
(15, 1, 1, 4, 3, '12.00'),
(16, 1, 1, 4, 4, '15.00'),
(17, 1, 1, 5, 1, '17.00'),
(18, 1, 1, 5, 2, '10.00'),
(19, 1, 1, 5, 3, '12.00'),
(20, 1, 1, 5, 4, '15.00'),
(21, 1, 1, 6, 1, '17.00'),
(22, 1, 1, 6, 2, '10.00'),
(23, 1, 1, 6, 3, '12.00'),
(24, 1, 1, 6, 4, '15.00'),
(25, 1, 1, 7, 1, '19.00'),
(28, 1, 1, 7, 4, '15.00'),
(29, 1, 1, 8, 1, '19.00'),
(32, 1, 1, 8, 4, '15.00'),
(33, 2, 2, 11, 1, '25.00'),
(34, 2, 1, 12, 1, '19.00'),
(35, 2, 2, 13, 1, '15.00');

-- --------------------------------------------------------

--
-- Table structure for table `seatmap`
--

CREATE TABLE `seatmap` (
  `smp_id` int(10) UNSIGNED NOT NULL,
  `smp_rowid` smallint(5) UNSIGNED NOT NULL,
  `smp_colid` smallint(5) UNSIGNED NOT NULL,
  `smp_zoneid` smallint(5) UNSIGNED NOT NULL DEFAULT '1',
  `smp_real_rowid` smallint(5) UNSIGNED NOT NULL,
  `smp_real_colid` smallint(5) UNSIGNED NOT NULL,
  `smp_theater_id` int(10) UNSIGNED NOT NULL DEFAULT '1',
  `smp_seatname` varchar(14) NOT NULL
) ENGINE=InnoDB DEFAULT CHARSET=utf8;

--
-- Dumping data for table `seatmap`
--

INSERT INTO `seatmap` (`smp_id`, `smp_rowid`, `smp_colid`, `smp_zoneid`, `smp_real_rowid`, `smp_real_colid`, `smp_theater_id`, `smp_seatname`) VALUES
(1, 2, 32, 6, 0, 0, 1, 'BALCB_R2_C32'),
(2, 2, 33, 6, 0, 0, 1, 'BALCB_R2_C33'),
(3, 2, 34, 6, 0, 0, 1, 'BALCB_R2_C34'),
(4, 2, 35, 6, 0, 0, 1, 'BALCB_R2_C35'),
(5, 2, 36, 6, 0, 0, 1, 'BALCB_R2_C36'),
(6, 2, 37, 6, 0, 0, 1, 'BALCB_R2_C37'),
(7, 2, 38, 6, 0, 0, 1, 'BALCB_R2_C38'),
(22, 3, 32, 6, 0, 0, 1, 'BALCB_R3_C32'),
(23, 3, 33, 6, 0, 0, 1, 'BALCB_R3_C33'),
(24, 3, 34, 6, 0, 0, 1, 'BALCB_R3_C34'),
(25, 3, 35, 6, 0, 0, 1, 'BALCB_R3_C35'),
(26, 3, 36, 6, 0, 0, 1, 'BALCB_R3_C36'),
(27, 3, 37, 6, 0, 0, 1, 'BALCB_R3_C37'),
(28, 3, 38, 6, 0, 0, 1, 'BALCB_R3_C38'),
(64, 5, 32, 5, 0, 0, 1, 'BALCA_R5_C32'),
(65, 5, 33, 5, 0, 0, 1, 'BALCA_R5_C33'),
(66, 5, 34, 5, 0, 0, 1, 'BALCA_R5_C34'),
(67, 5, 35, 5, 0, 0, 1, 'BALCA_R5_C35'),
(68, 5, 36, 5, 0, 0, 1, 'BALCA_R5_C36'),
(69, 5, 37, 5, 0, 0, 1, 'BALCA_R5_C37'),
(70, 5, 38, 5, 0, 0, 1, 'BALCA_R5_C38'),
(85, 6, 32, 5, 0, 0, 1, 'BALCA_R6_C32'),
(86, 6, 33, 5, 0, 0, 1, 'BALCA_R6_C33'),
(87, 6, 34, 5, 0, 0, 1, 'BALCA_R6_C34'),
(88, 6, 35, 5, 0, 0, 1, 'BALCA_R6_C35'),
(89, 6, 36, 5, 0, 0, 1, 'BALCA_R6_C36'),
(90, 6, 37, 5, 0, 0, 1, 'BALCA_R6_C37'),
(91, 6, 38, 5, 0, 0, 1, 'BALCA_R6_C38'),
(127, 8, 32, 5, 0, 0, 1, 'BALCA_R8_C32'),
(128, 8, 33, 5, 0, 0, 1, 'BALCA_R8_C33'),
(129, 8, 34, 5, 0, 0, 1, 'BALCA_R8_C34'),
(130, 8, 35, 5, 0, 0, 1, 'BALCA_R8_C35'),
(131, 8, 36, 5, 0, 0, 1, 'BALCA_R8_C36'),
(132, 8, 37, 5, 0, 0, 1, 'BALCA_R8_C37'),
(133, 8, 38, 5, 0, 0, 1, 'BALCA_R8_C38'),
(148, 9, 32, 5, 0, 0, 1, 'BALCA_R9_C32'),
(149, 9, 33, 5, 0, 0, 1, 'BALCA_R9_C33'),
(150, 9, 34, 5, 0, 0, 1, 'BALCA_R9_C34'),
(151, 9, 35, 5, 0, 0, 1, 'BALCA_R9_C35'),
(152, 9, 36, 5, 0, 0, 1, 'BALCA_R9_C36'),
(153, 9, 37, 5, 0, 0, 1, 'BALCA_R9_C37'),
(154, 9, 38, 5, 0, 0, 1, 'BALCA_R9_C38'),
(162, 10, 25, 8, 0, 0, 1, 'BOXII_R10_C25'),
(163, 10, 26, 8, 0, 0, 1, 'BOXII_R10_C26'),
(165, 10, 28, 7, 0, 0, 1, 'BOXI_R10_C28'),
(166, 10, 29, 7, 0, 0, 1, 'BOXI_R10_C29'),
(178, 10, 41, 7, 0, 0, 1, 'BOXI_R10_C41'),
(179, 10, 42, 7, 0, 0, 1, 'BOXI_R10_C42'),
(181, 10, 44, 8, 0, 0, 1, 'BOXII_R10_C44'),
(182, 10, 45, 8, 0, 0, 1, 'BOXII_R10_C45'),
(183, 11, 25, 8, 0, 0, 1, 'BOXII_R11_C25'),
(184, 11, 26, 8, 0, 0, 1, 'BOXII_R11_C26'),
(186, 11, 28, 7, 0, 0, 1, 'BOXI_R11_C28'),
(187, 11, 29, 7, 0, 0, 1, 'BOXI_R11_C29'),
(190, 11, 32, 4, 0, 0, 1, 'ZB_R11_C32'),
(191, 11, 33, 4, 0, 0, 1, 'ZB_R11_C33'),
(192, 11, 34, 4, 0, 0, 1, 'ZB_R11_C34'),
(194, 11, 36, 4, 0, 0, 1, 'ZB_R11_C36'),
(195, 11, 37, 4, 0, 0, 1, 'ZB_R11_C37'),
(196, 11, 38, 4, 0, 0, 1, 'ZB_R11_C38'),
(199, 11, 41, 7, 0, 0, 1, 'BOXI_R11_C41'),
(200, 11, 42, 7, 0, 0, 1, 'BOXI_R11_C42'),
(202, 11, 44, 8, 0, 0, 1, 'BOXII_R11_C44'),
(203, 11, 45, 8, 0, 0, 1, 'BOXII_R11_C45'),
(211, 12, 32, 4, 0, 0, 1, 'ZB_R12_C32'),
(212, 12, 33, 4, 0, 0, 1, 'ZB_R12_C33'),
(213, 12, 34, 4, 0, 0, 1, 'ZB_R12_C34'),
(215, 12, 36, 4, 0, 0, 1, 'ZB_R12_C36'),
(216, 12, 37, 4, 0, 0, 1, 'ZB_R12_C37'),
(217, 12, 38, 4, 0, 0, 1, 'ZB_R12_C38'),
(225, 13, 25, 8, 0, 0, 1, 'BOXII_R13_C25'),
(226, 13, 26, 8, 0, 0, 1, 'BOXII_R13_C26'),
(228, 13, 28, 7, 0, 0, 1, 'BOXI_R13_C28'),
(229, 13, 29, 7, 0, 0, 1, 'BOXI_R13_C29'),
(232, 13, 32, 4, 0, 0, 1, 'ZB_R13_C32'),
(233, 13, 33, 4, 0, 0, 1, 'ZB_R13_C33'),
(234, 13, 34, 4, 0, 0, 1, 'ZB_R13_C34'),
(236, 13, 36, 4, 0, 0, 1, 'ZB_R13_C36'),
(237, 13, 37, 4, 0, 0, 1, 'ZB_R13_C37'),
(238, 13, 38, 4, 0, 0, 1, 'ZB_R13_C38'),
(241, 13, 41, 7, 0, 0, 1, 'BOXI_R13_C41'),
(242, 13, 42, 7, 0, 0, 1, 'BOXI_R13_C42'),
(244, 13, 44, 8, 0, 0, 1, 'BOXII_R13_C44'),
(245, 13, 45, 8, 0, 0, 1, 'BOXII_R13_C45'),
(246, 14, 25, 8, 0, 0, 1, 'BOXII_R14_C25'),
(247, 14, 26, 8, 0, 0, 1, 'BOXII_R14_C26'),
(249, 14, 28, 7, 0, 0, 1, 'BOXI_R14_C28'),
(250, 14, 29, 7, 0, 0, 1, 'BOXI_R14_C29'),
(253, 14, 32, 4, 0, 0, 1, 'ZB_R14_C32'),
(254, 14, 33, 4, 0, 0, 1, 'ZB_R14_C33'),
(255, 14, 34, 4, 0, 0, 1, 'ZB_R14_C34'),
(257, 14, 36, 4, 0, 0, 1, 'ZB_R14_C36'),
(258, 14, 37, 4, 0, 0, 1, 'ZB_R14_C37'),
(259, 14, 38, 4, 0, 0, 1, 'ZB_R14_C38'),
(262, 14, 41, 7, 0, 0, 1, 'BOXI_R14_C41'),
(263, 14, 42, 7, 0, 0, 1, 'BOXI_R14_C42'),
(265, 14, 44, 8, 0, 0, 1, 'BOXII_R14_C44'),
(266, 14, 45, 8, 0, 0, 1, 'BOXII_R14_C45'),
(274, 15, 32, 4, 0, 0, 1, 'ZB_R15_C32'),
(275, 15, 33, 4, 0, 0, 1, 'ZB_R15_C33'),
(276, 15, 34, 4, 0, 0, 1, 'ZB_R15_C34'),
(278, 15, 36, 4, 0, 0, 1, 'ZB_R15_C36'),
(279, 15, 37, 4, 0, 0, 1, 'ZB_R15_C37'),
(280, 15, 38, 4, 0, 0, 1, 'ZB_R15_C38'),
(288, 16, 25, 8, 0, 0, 1, 'BOXII_R16_C25'),
(289, 16, 26, 8, 0, 0, 1, 'BOXII_R16_C26'),
(291, 16, 28, 7, 0, 0, 1, 'BOXI_R16_C28'),
(292, 16, 29, 7, 0, 0, 1, 'BOXI_R16_C29'),
(295, 16, 32, 4, 0, 0, 1, 'ZB_R16_C32'),
(296, 16, 33, 4, 0, 0, 1, 'ZB_R16_C33'),
(297, 16, 34, 4, 0, 0, 1, 'ZB_R16_C34'),
(299, 16, 36, 4, 0, 0, 1, 'ZB_R16_C36'),
(300, 16, 37, 4, 0, 0, 1, 'ZB_R16_C37'),
(301, 16, 38, 4, 0, 0, 1, 'ZB_R16_C38'),
(304, 16, 41, 7, 0, 0, 1, 'BOXI_R16_C41'),
(305, 16, 42, 7, 0, 0, 1, 'BOXI_R16_C42'),
(307, 16, 44, 8, 0, 0, 1, 'BOXII_R16_C44'),
(308, 16, 45, 8, 0, 0, 1, 'BOXII_R16_C45'),
(309, 17, 25, 8, 0, 0, 1, 'BOXII_R17_C25'),
(310, 17, 26, 8, 0, 0, 1, 'BOXII_R17_C26'),
(312, 17, 28, 7, 0, 0, 1, 'BOXI_R17_C28'),
(313, 17, 29, 7, 0, 0, 1, 'BOXI_R17_C29'),
(316, 17, 32, 4, 0, 0, 1, 'ZB_R17_C32'),
(317, 17, 33, 4, 0, 0, 1, 'ZB_R17_C33'),
(318, 17, 34, 4, 0, 0, 1, 'ZB_R17_C34'),
(320, 17, 36, 4, 0, 0, 1, 'ZB_R17_C36'),
(321, 17, 37, 4, 0, 0, 1, 'ZB_R17_C37'),
(322, 17, 38, 4, 0, 0, 1, 'ZB_R17_C38'),
(325, 17, 41, 7, 0, 0, 1, 'BOXI_R17_C41'),
(326, 17, 42, 7, 0, 0, 1, 'BOXI_R17_C42'),
(328, 17, 44, 8, 0, 0, 1, 'BOXII_R17_C44'),
(329, 17, 45, 8, 0, 0, 1, 'BOXII_R17_C45'),
(337, 18, 32, 3, 0, 0, 1, 'ZA_R18_C32'),
(338, 18, 33, 3, 0, 0, 1, 'ZA_R18_C33'),
(339, 18, 34, 3, 0, 0, 1, 'ZA_R18_C34'),
(341, 18, 36, 3, 0, 0, 1, 'ZA_R18_C36'),
(342, 18, 37, 3, 0, 0, 1, 'ZA_R18_C37'),
(343, 18, 38, 3, 0, 0, 1, 'ZA_R18_C38'),
(351, 19, 25, 8, 0, 0, 1, 'BOXII_R19_C25'),
(352, 19, 26, 8, 0, 0, 1, 'BOXII_R19_C26'),
(354, 19, 28, 7, 0, 0, 1, 'BOXI_R19_C28'),
(355, 19, 29, 7, 0, 0, 1, 'BOXI_R19_C29'),
(358, 19, 32, 3, 0, 0, 1, 'ZA_R19_C32'),
(359, 19, 33, 3, 0, 0, 1, 'ZA_R19_C33'),
(360, 19, 34, 3, 0, 0, 1, 'ZA_R19_C34'),
(362, 19, 36, 3, 0, 0, 1, 'ZA_R19_C36'),
(363, 19, 37, 3, 0, 0, 1, 'ZA_R19_C37'),
(364, 19, 38, 3, 0, 0, 1, 'ZA_R19_C38'),
(367, 19, 41, 7, 0, 0, 1, 'BOXI_R19_C41'),
(368, 19, 42, 7, 0, 0, 1, 'BOXI_R19_C42'),
(370, 19, 44, 8, 0, 0, 1, 'BOXII_R19_C44'),
(371, 19, 45, 8, 0, 0, 1, 'BOXII_R19_C45'),
(372, 20, 25, 8, 0, 0, 1, 'BOXII_R20_C25'),
(373, 20, 26, 8, 0, 0, 1, 'BOXII_R20_C26'),
(375, 20, 28, 7, 0, 0, 1, 'BOXI_R20_C28'),
(376, 20, 29, 7, 0, 0, 1, 'BOXI_R20_C29'),
(379, 20, 32, 3, 0, 0, 1, 'ZA_R20_C32'),
(380, 20, 33, 3, 0, 0, 1, 'ZA_R20_C33'),
(381, 20, 34, 3, 0, 0, 1, 'ZA_R20_C34'),
(383, 20, 36, 3, 0, 0, 1, 'ZA_R20_C36'),
(384, 20, 37, 3, 0, 0, 1, 'ZA_R20_C37'),
(385, 20, 38, 3, 0, 0, 1, 'ZA_R20_C38'),
(388, 20, 41, 7, 0, 0, 1, 'BOXI_R20_C41'),
(389, 20, 42, 7, 0, 0, 1, 'BOXI_R20_C42'),
(391, 20, 44, 8, 0, 0, 1, 'BOXII_R20_C44'),
(392, 20, 45, 8, 0, 0, 1, 'BOXII_R20_C45'),
(400, 21, 32, 3, 0, 0, 1, 'ZA_R21_C32'),
(401, 21, 33, 3, 0, 0, 1, 'ZA_R21_C33'),
(402, 21, 34, 3, 0, 0, 1, 'ZA_R21_C34'),
(404, 21, 36, 3, 0, 0, 1, 'ZA_R21_C36'),
(405, 21, 37, 3, 0, 0, 1, 'ZA_R21_C37'),
(406, 21, 38, 3, 0, 0, 1, 'ZA_R21_C38'),
(421, 22, 32, 3, 0, 0, 1, 'ZA_R22_C32'),
(422, 22, 33, 3, 0, 0, 1, 'ZA_R22_C33'),
(423, 22, 34, 3, 0, 0, 1, 'ZA_R22_C34'),
(425, 22, 36, 3, 0, 0, 1, 'ZA_R22_C36'),
(426, 22, 37, 3, 0, 0, 1, 'ZA_R22_C37'),
(427, 22, 38, 3, 0, 0, 1, 'ZA_R22_C38'),
(436, 23, 26, 2, 0, 0, 1, 'VIPBox_R23_C26'),
(438, 23, 28, 2, 0, 0, 1, 'VIPBox_R23_C28'),
(439, 23, 29, 2, 0, 0, 1, 'VIPBox_R23_C29'),
(442, 23, 32, 1, 0, 0, 1, 'VIP_R23_C32'),
(443, 23, 33, 1, 0, 0, 1, 'VIP_R23_C33'),
(444, 23, 34, 1, 0, 0, 1, 'VIP_R23_C34'),
(446, 23, 36, 1, 0, 0, 1, 'VIP_R23_C36'),
(447, 23, 37, 1, 0, 0, 1, 'VIP_R23_C37'),
(448, 23, 38, 1, 0, 0, 1, 'VIP_R23_C38'),
(457, 24, 26, 2, 0, 0, 1, 'VIPBox_R24_C26'),
(459, 24, 28, 2, 0, 0, 1, 'VIPBox_R24_C28'),
(460, 24, 29, 2, 0, 0, 1, 'VIPBox_R24_C29'),
(463, 24, 32, 1, 0, 0, 1, 'VIP_R24_C32'),
(464, 24, 33, 1, 0, 0, 1, 'VIP_R24_C33'),
(465, 24, 34, 1, 0, 0, 1, 'VIP_R24_C34'),
(467, 24, 36, 1, 0, 0, 1, 'VIP_R24_C36'),
(468, 24, 37, 1, 0, 0, 1, 'VIP_R24_C37'),
(469, 24, 38, 1, 0, 0, 1, 'VIP_R24_C38'),
(470, 24, 44, 2, 0, 0, 1, 'VIPBox_R24_C44'),
(471, 23, 25, 2, 0, 0, 1, 'VIPBox_R23_C25'),
(472, 24, 25, 2, 0, 0, 1, 'VIPBox_R24_C25'),
(473, 24, 42, 2, 0, 0, 1, 'VIPBox_R24_C42'),
(474, 24, 41, 2, 0, 0, 1, 'VIPBox_R24_C41'),
(477, 24, 45, 2, 0, 0, 1, 'VIPBox_R24_C45'),
(478, 23, 41, 2, 0, 0, 1, 'VIPBox_R23_C41'),
(479, 23, 42, 2, 0, 0, 1, 'VIPBox_R23_C42'),
(480, 23, 44, 2, 0, 0, 1, 'VIPBox_R23_C44'),
(481, 23, 45, 2, 0, 0, 1, 'VIPBox_R23_C45'),
(10425, 1, 20, 13, 0, 0, 4, 'R1C1'),
(10426, 1, 21, 13, 0, 0, 4, 'R1C2'),
(10427, 1, 22, 13, 0, 0, 4, 'R1C3'),
(10428, 1, 23, 13, 0, 0, 4, 'R1C4'),
(10429, 1, 24, 13, 0, 0, 4, 'R1C5'),
(10430, 1, 25, 13, 0, 0, 4, 'R1C6'),
(10431, 1, 26, 13, 0, 0, 4, 'R1C7'),
(10432, 1, 27, 13, 0, 0, 4, 'R1C8'),
(10433, 1, 28, 13, 0, 0, 4, 'R1C9'),
(10434, 1, 29, 13, 0, 0, 4, 'R1C10'),
(10435, 1, 30, 13, 0, 0, 4, 'R1C11'),
(10436, 1, 31, 13, 0, 0, 4, 'R1C12'),
(10437, 1, 32, 13, 0, 0, 4, 'R1C13'),
(10438, 1, 33, 13, 0, 0, 4, 'R1C14'),
(10439, 1, 36, 13, 0, 0, 4, 'R1C17'),
(10440, 1, 37, 13, 0, 0, 4, 'R1C18'),
(10441, 1, 38, 13, 0, 0, 4, 'R1C19'),
(10442, 1, 39, 13, 0, 0, 4, 'R1C20'),
(10443, 1, 40, 13, 0, 0, 4, 'R1C21'),
(10444, 1, 41, 13, 0, 0, 4, 'R1C22'),
(10445, 1, 42, 13, 0, 0, 4, 'R1C23'),
(10446, 1, 43, 13, 0, 0, 4, 'R1C24'),
(10447, 1, 44, 13, 0, 0, 4, 'R1C25'),
(10448, 1, 45, 13, 0, 0, 4, 'R1C26'),
(10449, 1, 46, 13, 0, 0, 4, 'R1C27'),
(10450, 1, 47, 13, 0, 0, 4, 'R1C28'),
(10451, 1, 48, 13, 0, 0, 4, 'R1C29'),
(10452, 1, 49, 13, 0, 0, 4, 'R1C30'),
(10453, 2, 20, 13, 0, 0, 4, 'R2C1'),
(10454, 2, 21, 13, 0, 0, 4, 'R2C2'),
(10455, 2, 22, 13, 0, 0, 4, 'R2C3'),
(10456, 2, 23, 13, 0, 0, 4, 'R2C4'),
(10457, 2, 24, 13, 0, 0, 4, 'R2C5'),
(10458, 2, 25, 13, 0, 0, 4, 'R2C6'),
(10459, 2, 26, 13, 0, 0, 4, 'R2C7'),
(10460, 2, 27, 13, 0, 0, 4, 'R2C8'),
(10461, 2, 28, 13, 0, 0, 4, 'R2C9'),
(10462, 2, 29, 13, 0, 0, 4, 'R2C10'),
(10463, 2, 30, 13, 0, 0, 4, 'R2C11'),
(10464, 2, 31, 13, 0, 0, 4, 'R2C12'),
(10465, 2, 32, 13, 0, 0, 4, 'R2C13'),
(10466, 2, 33, 13, 0, 0, 4, 'R2C14'),
(10467, 2, 36, 13, 0, 0, 4, 'R2C17'),
(10468, 2, 37, 13, 0, 0, 4, 'R2C18'),
(10469, 2, 38, 13, 0, 0, 4, 'R2C19'),
(10470, 2, 39, 13, 0, 0, 4, 'R2C20'),
(10471, 2, 40, 13, 0, 0, 4, 'R2C21'),
(10472, 2, 41, 13, 0, 0, 4, 'R2C22'),
(10473, 2, 42, 13, 0, 0, 4, 'R2C23'),
(10474, 2, 43, 13, 0, 0, 4, 'R2C24'),
(10475, 2, 44, 13, 0, 0, 4, 'R2C25'),
(10476, 2, 45, 13, 0, 0, 4, 'R2C26'),
(10477, 2, 46, 13, 0, 0, 4, 'R2C27'),
(10478, 2, 47, 13, 0, 0, 4, 'R2C28'),
(10479, 2, 48, 13, 0, 0, 4, 'R2C29'),
(10480, 2, 49, 13, 0, 0, 4, 'R2C30'),
(10481, 3, 20, 13, 0, 0, 4, 'R3C1'),
(10482, 3, 21, 13, 0, 0, 4, 'R3C2'),
(10483, 3, 22, 13, 0, 0, 4, 'R3C3'),
(10484, 3, 23, 13, 0, 0, 4, 'R3C4'),
(10485, 3, 24, 13, 0, 0, 4, 'R3C5'),
(10486, 3, 25, 13, 0, 0, 4, 'R3C6'),
(10487, 3, 26, 13, 0, 0, 4, 'R3C7'),
(10488, 3, 27, 13, 0, 0, 4, 'R3C8'),
(10489, 3, 28, 13, 0, 0, 4, 'R3C9'),
(10490, 3, 29, 13, 0, 0, 4, 'R3C10'),
(10491, 3, 30, 13, 0, 0, 4, 'R3C11'),
(10492, 3, 31, 13, 0, 0, 4, 'R3C12'),
(10493, 3, 32, 13, 0, 0, 4, 'R3C13'),
(10494, 3, 33, 13, 0, 0, 4, 'R3C14'),
(10495, 3, 36, 13, 0, 0, 4, 'R3C17'),
(10496, 3, 37, 13, 0, 0, 4, 'R3C18'),
(10497, 3, 38, 13, 0, 0, 4, 'R3C19'),
(10498, 3, 39, 13, 0, 0, 4, 'R3C20'),
(10499, 3, 40, 13, 0, 0, 4, 'R3C21'),
(10500, 3, 41, 13, 0, 0, 4, 'R3C22'),
(10501, 3, 42, 13, 0, 0, 4, 'R3C23'),
(10502, 3, 43, 13, 0, 0, 4, 'R3C24'),
(10503, 3, 44, 13, 0, 0, 4, 'R3C25'),
(10504, 3, 45, 13, 0, 0, 4, 'R3C26'),
(10505, 3, 46, 13, 0, 0, 4, 'R3C27'),
(10506, 3, 47, 13, 0, 0, 4, 'R3C28'),
(10507, 3, 48, 13, 0, 0, 4, 'R3C29'),
(10508, 3, 49, 13, 0, 0, 4, 'R3C30'),
(10509, 4, 20, 13, 0, 0, 4, 'R4C1'),
(10510, 4, 21, 13, 0, 0, 4, 'R4C2'),
(10511, 4, 22, 13, 0, 0, 4, 'R4C3'),
(10512, 4, 23, 13, 0, 0, 4, 'R4C4'),
(10513, 4, 24, 13, 0, 0, 4, 'R4C5'),
(10514, 4, 25, 13, 0, 0, 4, 'R4C6'),
(10515, 4, 26, 13, 0, 0, 4, 'R4C7'),
(10516, 4, 27, 13, 0, 0, 4, 'R4C8'),
(10517, 4, 28, 13, 0, 0, 4, 'R4C9'),
(10518, 4, 29, 13, 0, 0, 4, 'R4C10'),
(10519, 4, 30, 13, 0, 0, 4, 'R4C11'),
(10520, 4, 31, 13, 0, 0, 4, 'R4C12'),
(10521, 4, 32, 13, 0, 0, 4, 'R4C13'),
(10522, 4, 33, 13, 0, 0, 4, 'R4C14'),
(10523, 4, 36, 13, 0, 0, 4, 'R4C17'),
(10524, 4, 37, 13, 0, 0, 4, 'R4C18'),
(10525, 4, 38, 13, 0, 0, 4, 'R4C19'),
(10526, 4, 39, 13, 0, 0, 4, 'R4C20'),
(10527, 4, 40, 13, 0, 0, 4, 'R4C21'),
(10528, 4, 41, 13, 0, 0, 4, 'R4C22'),
(10529, 4, 42, 13, 0, 0, 4, 'R4C23'),
(10530, 4, 43, 13, 0, 0, 4, 'R4C24'),
(10531, 4, 44, 13, 0, 0, 4, 'R4C25'),
(10532, 4, 45, 13, 0, 0, 4, 'R4C26'),
(10533, 4, 46, 13, 0, 0, 4, 'R4C27'),
(10534, 4, 47, 13, 0, 0, 4, 'R4C28'),
(10535, 4, 48, 13, 0, 0, 4, 'R4C29'),
(10536, 4, 49, 13, 0, 0, 4, 'R4C30'),
(10537, 5, 20, 13, 0, 0, 4, 'R5C1'),
(10538, 5, 21, 13, 0, 0, 4, 'R5C2'),
(10539, 5, 22, 13, 0, 0, 4, 'R5C3'),
(10540, 5, 23, 13, 0, 0, 4, 'R5C4'),
(10541, 5, 24, 13, 0, 0, 4, 'R5C5'),
(10542, 5, 25, 13, 0, 0, 4, 'R5C6'),
(10543, 5, 26, 13, 0, 0, 4, 'R5C7'),
(10544, 5, 27, 13, 0, 0, 4, 'R5C8'),
(10545, 5, 28, 13, 0, 0, 4, 'R5C9'),
(10546, 5, 29, 13, 0, 0, 4, 'R5C10'),
(10547, 5, 30, 13, 0, 0, 4, 'R5C11'),
(10548, 5, 31, 13, 0, 0, 4, 'R5C12'),
(10549, 5, 32, 13, 0, 0, 4, 'R5C13'),
(10550, 5, 33, 13, 0, 0, 4, 'R5C14'),
(10551, 5, 36, 13, 0, 0, 4, 'R5C17'),
(10552, 5, 37, 13, 0, 0, 4, 'R5C18'),
(10553, 5, 38, 13, 0, 0, 4, 'R5C19'),
(10554, 5, 39, 13, 0, 0, 4, 'R5C20'),
(10555, 5, 40, 13, 0, 0, 4, 'R5C21'),
(10556, 5, 41, 13, 0, 0, 4, 'R5C22'),
(10557, 5, 42, 13, 0, 0, 4, 'R5C23'),
(10558, 5, 43, 13, 0, 0, 4, 'R5C24'),
(10559, 5, 44, 13, 0, 0, 4, 'R5C25'),
(10560, 5, 45, 13, 0, 0, 4, 'R5C26'),
(10561, 5, 46, 13, 0, 0, 4, 'R5C27'),
(10562, 5, 47, 13, 0, 0, 4, 'R5C28'),
(10563, 5, 48, 13, 0, 0, 4, 'R5C29'),
(10564, 5, 49, 13, 0, 0, 4, 'R5C30'),
(10565, 6, 20, 13, 0, 0, 4, 'R6C1'),
(10566, 6, 21, 13, 0, 0, 4, 'R6C2'),
(10567, 6, 22, 13, 0, 0, 4, 'R6C3'),
(10568, 6, 23, 13, 0, 0, 4, 'R6C4'),
(10569, 6, 24, 13, 0, 0, 4, 'R6C5'),
(10570, 6, 25, 13, 0, 0, 4, 'R6C6'),
(10571, 6, 26, 13, 0, 0, 4, 'R6C7'),
(10572, 6, 27, 13, 0, 0, 4, 'R6C8'),
(10573, 6, 28, 13, 0, 0, 4, 'R6C9'),
(10574, 6, 29, 13, 0, 0, 4, 'R6C10'),
(10575, 6, 30, 13, 0, 0, 4, 'R6C11'),
(10576, 6, 31, 13, 0, 0, 4, 'R6C12'),
(10577, 6, 32, 13, 0, 0, 4, 'R6C13'),
(10578, 6, 33, 13, 0, 0, 4, 'R6C14'),
(10579, 6, 36, 13, 0, 0, 4, 'R6C17'),
(10580, 6, 37, 13, 0, 0, 4, 'R6C18'),
(10581, 6, 38, 13, 0, 0, 4, 'R6C19'),
(10582, 6, 39, 13, 0, 0, 4, 'R6C20'),
(10583, 6, 40, 13, 0, 0, 4, 'R6C21'),
(10584, 6, 41, 13, 0, 0, 4, 'R6C22'),
(10585, 6, 42, 13, 0, 0, 4, 'R6C23'),
(10586, 6, 43, 13, 0, 0, 4, 'R6C24'),
(10587, 6, 44, 13, 0, 0, 4, 'R6C25'),
(10588, 6, 45, 13, 0, 0, 4, 'R6C26'),
(10589, 6, 46, 13, 0, 0, 4, 'R6C27'),
(10590, 6, 47, 13, 0, 0, 4, 'R6C28'),
(10591, 6, 48, 13, 0, 0, 4, 'R6C29'),
(10592, 6, 49, 13, 0, 0, 4, 'R6C30'),
(10593, 7, 20, 13, 0, 0, 4, 'R7C1'),
(10594, 7, 21, 13, 0, 0, 4, 'R7C2'),
(10595, 7, 22, 13, 0, 0, 4, 'R7C3'),
(10596, 7, 23, 13, 0, 0, 4, 'R7C4'),
(10597, 7, 24, 13, 0, 0, 4, 'R7C5'),
(10598, 7, 25, 13, 0, 0, 4, 'R7C6'),
(10599, 7, 26, 13, 0, 0, 4, 'R7C7'),
(10600, 7, 27, 13, 0, 0, 4, 'R7C8'),
(10601, 7, 28, 13, 0, 0, 4, 'R7C9'),
(10602, 7, 29, 13, 0, 0, 4, 'R7C10'),
(10603, 7, 30, 13, 0, 0, 4, 'R7C11'),
(10604, 7, 31, 13, 0, 0, 4, 'R7C12'),
(10605, 7, 32, 13, 0, 0, 4, 'R7C13'),
(10606, 7, 33, 13, 0, 0, 4, 'R7C14'),
(10607, 7, 36, 13, 0, 0, 4, 'R7C17'),
(10608, 7, 37, 13, 0, 0, 4, 'R7C18'),
(10609, 7, 38, 13, 0, 0, 4, 'R7C19'),
(10610, 7, 39, 13, 0, 0, 4, 'R7C20'),
(10611, 7, 40, 13, 0, 0, 4, 'R7C21'),
(10612, 7, 41, 13, 0, 0, 4, 'R7C22'),
(10613, 7, 42, 13, 0, 0, 4, 'R7C23'),
(10614, 7, 43, 13, 0, 0, 4, 'R7C24'),
(10615, 7, 44, 13, 0, 0, 4, 'R7C25'),
(10616, 7, 45, 13, 0, 0, 4, 'R7C26'),
(10617, 7, 46, 13, 0, 0, 4, 'R7C27'),
(10618, 7, 47, 13, 0, 0, 4, 'R7C28'),
(10619, 7, 48, 13, 0, 0, 4, 'R7C29'),
(10620, 7, 49, 13, 0, 0, 4, 'R7C30'),
(10621, 8, 20, 13, 0, 0, 4, 'R8C1'),
(10622, 8, 21, 13, 0, 0, 4, 'R8C2'),
(10623, 8, 22, 13, 0, 0, 4, 'R8C3'),
(10624, 8, 23, 13, 0, 0, 4, 'R8C4'),
(10625, 8, 24, 13, 0, 0, 4, 'R8C5'),
(10626, 8, 25, 13, 0, 0, 4, 'R8C6'),
(10627, 8, 26, 13, 0, 0, 4, 'R8C7'),
(10628, 8, 27, 13, 0, 0, 4, 'R8C8'),
(10629, 8, 28, 13, 0, 0, 4, 'R8C9'),
(10630, 8, 29, 13, 0, 0, 4, 'R8C10'),
(10631, 8, 30, 13, 0, 0, 4, 'R8C11'),
(10632, 8, 31, 13, 0, 0, 4, 'R8C12'),
(10633, 8, 32, 13, 0, 0, 4, 'R8C13'),
(10634, 8, 33, 13, 0, 0, 4, 'R8C14'),
(10635, 8, 36, 13, 0, 0, 4, 'R8C17'),
(10636, 8, 37, 13, 0, 0, 4, 'R8C18'),
(10637, 8, 38, 13, 0, 0, 4, 'R8C19'),
(10638, 8, 39, 13, 0, 0, 4, 'R8C20'),
(10639, 8, 40, 13, 0, 0, 4, 'R8C21'),
(10640, 8, 41, 13, 0, 0, 4, 'R8C22'),
(10641, 8, 42, 13, 0, 0, 4, 'R8C23'),
(10642, 8, 43, 13, 0, 0, 4, 'R8C24'),
(10643, 8, 44, 13, 0, 0, 4, 'R8C25'),
(10644, 8, 45, 13, 0, 0, 4, 'R8C26'),
(10645, 8, 46, 13, 0, 0, 4, 'R8C27'),
(10646, 8, 47, 13, 0, 0, 4, 'R8C28'),
(10647, 8, 48, 13, 0, 0, 4, 'R8C29'),
(10648, 8, 49, 13, 0, 0, 4, 'R8C30'),
(10649, 9, 20, 13, 0, 0, 4, 'R9C1'),
(10650, 9, 21, 13, 0, 0, 4, 'R9C2'),
(10651, 9, 22, 13, 0, 0, 4, 'R9C3'),
(10652, 9, 23, 13, 0, 0, 4, 'R9C4'),
(10653, 9, 24, 13, 0, 0, 4, 'R9C5'),
(10654, 9, 25, 13, 0, 0, 4, 'R9C6'),
(10655, 9, 26, 13, 0, 0, 4, 'R9C7'),
(10656, 9, 27, 13, 0, 0, 4, 'R9C8'),
(10657, 9, 28, 13, 0, 0, 4, 'R9C9'),
(10658, 9, 29, 13, 0, 0, 4, 'R9C10'),
(10659, 9, 30, 13, 0, 0, 4, 'R9C11'),
(10660, 9, 31, 13, 0, 0, 4, 'R9C12'),
(10661, 9, 32, 13, 0, 0, 4, 'R9C13'),
(10662, 9, 33, 13, 0, 0, 4, 'R9C14'),
(10663, 9, 36, 13, 0, 0, 4, 'R9C17'),
(10664, 9, 37, 13, 0, 0, 4, 'R9C18'),
(10665, 9, 38, 13, 0, 0, 4, 'R9C19'),
(10666, 9, 39, 13, 0, 0, 4, 'R9C20'),
(10667, 9, 40, 13, 0, 0, 4, 'R9C21'),
(10668, 9, 41, 13, 0, 0, 4, 'R9C22'),
(10669, 9, 42, 13, 0, 0, 4, 'R9C23'),
(10670, 9, 43, 13, 0, 0, 4, 'R9C24'),
(10671, 9, 44, 13, 0, 0, 4, 'R9C25'),
(10672, 9, 45, 13, 0, 0, 4, 'R9C26'),
(10673, 9, 46, 13, 0, 0, 4, 'R9C27'),
(10674, 9, 47, 13, 0, 0, 4, 'R9C28'),
(10675, 9, 48, 13, 0, 0, 4, 'R9C29'),
(10676, 9, 49, 13, 0, 0, 4, 'R9C30'),
(10677, 10, 20, 13, 0, 0, 4, 'R10C1'),
(10678, 10, 21, 13, 0, 0, 4, 'R10C2'),
(10679, 10, 22, 13, 0, 0, 4, 'R10C3'),
(10680, 10, 23, 13, 0, 0, 4, 'R10C4'),
(10681, 10, 24, 13, 0, 0, 4, 'R10C5'),
(10682, 10, 25, 13, 0, 0, 4, 'R10C6'),
(10683, 10, 26, 13, 0, 0, 4, 'R10C7'),
(10684, 10, 27, 13, 0, 0, 4, 'R10C8'),
(10685, 10, 28, 13, 0, 0, 4, 'R10C9'),
(10686, 10, 29, 13, 0, 0, 4, 'R10C10'),
(10687, 10, 30, 13, 0, 0, 4, 'R10C11'),
(10688, 10, 31, 13, 0, 0, 4, 'R10C12'),
(10689, 10, 32, 13, 0, 0, 4, 'R10C13'),
(10690, 10, 33, 13, 0, 0, 4, 'R10C14'),
(10691, 10, 36, 13, 0, 0, 4, 'R10C17'),
(10692, 10, 37, 13, 0, 0, 4, 'R10C18'),
(10693, 10, 38, 13, 0, 0, 4, 'R10C19'),
(10694, 10, 39, 13, 0, 0, 4, 'R10C20'),
(10695, 10, 40, 13, 0, 0, 4, 'R10C21'),
(10696, 10, 41, 13, 0, 0, 4, 'R10C22'),
(10697, 10, 42, 13, 0, 0, 4, 'R10C23'),
(10698, 10, 43, 13, 0, 0, 4, 'R10C24'),
(10699, 10, 44, 13, 0, 0, 4, 'R10C25'),
(10700, 10, 45, 13, 0, 0, 4, 'R10C26'),
(10701, 10, 46, 13, 0, 0, 4, 'R10C27'),
(10702, 10, 47, 13, 0, 0, 4, 'R10C28'),
(10703, 10, 48, 13, 0, 0, 4, 'R10C29'),
(10704, 10, 49, 13, 0, 0, 4, 'R10C30'),
(10705, 11, 20, 13, 0, 0, 4, 'R11C1'),
(10706, 11, 21, 13, 0, 0, 4, 'R11C2'),
(10707, 11, 22, 13, 0, 0, 4, 'R11C3'),
(10708, 11, 23, 13, 0, 0, 4, 'R11C4'),
(10709, 11, 24, 13, 0, 0, 4, 'R11C5'),
(10710, 11, 25, 13, 0, 0, 4, 'R11C6'),
(10711, 11, 26, 13, 0, 0, 4, 'R11C7'),
(10712, 11, 27, 13, 0, 0, 4, 'R11C8'),
(10713, 11, 28, 13, 0, 0, 4, 'R11C9'),
(10714, 11, 29, 13, 0, 0, 4, 'R11C10'),
(10715, 11, 30, 13, 0, 0, 4, 'R11C11'),
(10716, 11, 31, 13, 0, 0, 4, 'R11C12'),
(10717, 11, 32, 13, 0, 0, 4, 'R11C13'),
(10718, 11, 33, 13, 0, 0, 4, 'R11C14'),
(10719, 11, 36, 13, 0, 0, 4, 'R11C17'),
(10720, 11, 37, 13, 0, 0, 4, 'R11C18'),
(10721, 11, 38, 13, 0, 0, 4, 'R11C19'),
(10722, 11, 39, 13, 0, 0, 4, 'R11C20'),
(10723, 11, 40, 13, 0, 0, 4, 'R11C21'),
(10724, 11, 41, 13, 0, 0, 4, 'R11C22'),
(10725, 11, 42, 13, 0, 0, 4, 'R11C23'),
(10726, 11, 43, 13, 0, 0, 4, 'R11C24'),
(10727, 11, 44, 13, 0, 0, 4, 'R11C25'),
(10728, 11, 45, 13, 0, 0, 4, 'R11C26'),
(10729, 11, 46, 13, 0, 0, 4, 'R11C27'),
(10730, 11, 47, 13, 0, 0, 4, 'R11C28'),
(10731, 11, 48, 13, 0, 0, 4, 'R11C29'),
(10732, 11, 49, 13, 0, 0, 4, 'R11C30'),
(10733, 12, 20, 12, 0, 0, 4, 'R12C1'),
(10734, 12, 21, 12, 0, 0, 4, 'R12C2'),
(10735, 12, 22, 12, 0, 0, 4, 'R12C3'),
(10736, 12, 23, 12, 0, 0, 4, 'R12C4'),
(10737, 12, 24, 12, 0, 0, 4, 'R12C5'),
(10738, 12, 25, 12, 0, 0, 4, 'R12C6'),
(10739, 12, 26, 12, 0, 0, 4, 'R12C7'),
(10740, 12, 27, 12, 0, 0, 4, 'R12C8'),
(10741, 12, 28, 12, 0, 0, 4, 'R12C9'),
(10742, 12, 29, 12, 0, 0, 4, 'R12C10'),
(10743, 12, 30, 12, 0, 0, 4, 'R12C11'),
(10744, 12, 31, 12, 0, 0, 4, 'R12C12'),
(10745, 12, 32, 12, 0, 0, 4, 'R12C13'),
(10746, 12, 33, 12, 0, 0, 4, 'R12C14'),
(10747, 12, 36, 12, 0, 0, 4, 'R12C17'),
(10748, 12, 37, 12, 0, 0, 4, 'R12C18'),
(10749, 12, 38, 12, 0, 0, 4, 'R12C19'),
(10750, 12, 39, 12, 0, 0, 4, 'R12C20'),
(10751, 12, 40, 12, 0, 0, 4, 'R12C21'),
(10752, 12, 41, 12, 0, 0, 4, 'R12C22'),
(10753, 12, 42, 12, 0, 0, 4, 'R12C23'),
(10754, 12, 43, 12, 0, 0, 4, 'R12C24'),
(10755, 12, 44, 12, 0, 0, 4, 'R12C25'),
(10756, 12, 45, 12, 0, 0, 4, 'R12C26'),
(10757, 12, 46, 12, 0, 0, 4, 'R12C27'),
(10758, 12, 47, 12, 0, 0, 4, 'R12C28'),
(10759, 12, 48, 12, 0, 0, 4, 'R12C29'),
(10760, 12, 49, 12, 0, 0, 4, 'R12C30'),
(10761, 13, 20, 12, 0, 0, 4, 'R13C1'),
(10762, 13, 21, 12, 0, 0, 4, 'R13C2'),
(10763, 13, 22, 12, 0, 0, 4, 'R13C3'),
(10764, 13, 23, 12, 0, 0, 4, 'R13C4'),
(10765, 13, 24, 12, 0, 0, 4, 'R13C5'),
(10766, 13, 25, 12, 0, 0, 4, 'R13C6'),
(10767, 13, 26, 12, 0, 0, 4, 'R13C7'),
(10768, 13, 27, 12, 0, 0, 4, 'R13C8'),
(10769, 13, 28, 12, 0, 0, 4, 'R13C9'),
(10770, 13, 29, 12, 0, 0, 4, 'R13C10'),
(10771, 13, 30, 12, 0, 0, 4, 'R13C11'),
(10772, 13, 31, 12, 0, 0, 4, 'R13C12'),
(10773, 13, 32, 12, 0, 0, 4, 'R13C13'),
(10774, 13, 33, 12, 0, 0, 4, 'R13C14'),
(10775, 13, 36, 12, 0, 0, 4, 'R13C17'),
(10776, 13, 37, 12, 0, 0, 4, 'R13C18'),
(10777, 13, 38, 12, 0, 0, 4, 'R13C19'),
(10778, 13, 39, 12, 0, 0, 4, 'R13C20'),
(10779, 13, 40, 12, 0, 0, 4, 'R13C21'),
(10780, 13, 41, 12, 0, 0, 4, 'R13C22'),
(10781, 13, 42, 12, 0, 0, 4, 'R13C23'),
(10782, 13, 43, 12, 0, 0, 4, 'R13C24'),
(10783, 13, 44, 12, 0, 0, 4, 'R13C25'),
(10784, 13, 45, 12, 0, 0, 4, 'R13C26'),
(10785, 13, 46, 12, 0, 0, 4, 'R13C27'),
(10786, 13, 47, 12, 0, 0, 4, 'R13C28'),
(10787, 13, 48, 12, 0, 0, 4, 'R13C29'),
(10788, 13, 49, 12, 0, 0, 4, 'R13C30'),
(10789, 14, 20, 12, 0, 0, 4, 'R14C1'),
(10790, 14, 21, 12, 0, 0, 4, 'R14C2'),
(10791, 14, 22, 12, 0, 0, 4, 'R14C3'),
(10792, 14, 23, 12, 0, 0, 4, 'R14C4'),
(10793, 14, 24, 12, 0, 0, 4, 'R14C5'),
(10794, 14, 25, 12, 0, 0, 4, 'R14C6'),
(10795, 14, 26, 12, 0, 0, 4, 'R14C7'),
(10796, 14, 27, 12, 0, 0, 4, 'R14C8'),
(10797, 14, 28, 12, 0, 0, 4, 'R14C9'),
(10798, 14, 29, 12, 0, 0, 4, 'R14C10'),
(10799, 14, 30, 12, 0, 0, 4, 'R14C11'),
(10800, 14, 31, 12, 0, 0, 4, 'R14C12'),
(10801, 14, 32, 12, 0, 0, 4, 'R14C13'),
(10802, 14, 33, 12, 0, 0, 4, 'R14C14'),
(10803, 14, 36, 12, 0, 0, 4, 'R14C17'),
(10804, 14, 37, 12, 0, 0, 4, 'R14C18'),
(10805, 14, 38, 12, 0, 0, 4, 'R14C19'),
(10806, 14, 39, 12, 0, 0, 4, 'R14C20'),
(10807, 14, 40, 12, 0, 0, 4, 'R14C21'),
(10808, 14, 41, 12, 0, 0, 4, 'R14C22'),
(10809, 14, 42, 12, 0, 0, 4, 'R14C23'),
(10810, 14, 43, 12, 0, 0, 4, 'R14C24'),
(10811, 14, 44, 12, 0, 0, 4, 'R14C25'),
(10812, 14, 45, 12, 0, 0, 4, 'R14C26'),
(10813, 14, 46, 12, 0, 0, 4, 'R14C27'),
(10814, 14, 47, 12, 0, 0, 4, 'R14C28'),
(10815, 14, 48, 12, 0, 0, 4, 'R14C29'),
(10816, 14, 49, 12, 0, 0, 4, 'R14C30'),
(10817, 15, 20, 12, 0, 0, 4, 'R15C1'),
(10818, 15, 21, 12, 0, 0, 4, 'R15C2'),
(10819, 15, 22, 12, 0, 0, 4, 'R15C3'),
(10820, 15, 23, 12, 0, 0, 4, 'R15C4'),
(10821, 15, 24, 12, 0, 0, 4, 'R15C5'),
(10822, 15, 25, 12, 0, 0, 4, 'R15C6'),
(10823, 15, 26, 12, 0, 0, 4, 'R15C7'),
(10824, 15, 27, 12, 0, 0, 4, 'R15C8'),
(10825, 15, 28, 12, 0, 0, 4, 'R15C9'),
(10826, 15, 29, 12, 0, 0, 4, 'R15C10'),
(10827, 15, 30, 12, 0, 0, 4, 'R15C11'),
(10828, 15, 31, 12, 0, 0, 4, 'R15C12'),
(10829, 15, 32, 12, 0, 0, 4, 'R15C13'),
(10830, 15, 33, 12, 0, 0, 4, 'R15C14'),
(10831, 15, 36, 12, 0, 0, 4, 'R15C17'),
(10832, 15, 37, 12, 0, 0, 4, 'R15C18'),
(10833, 15, 38, 12, 0, 0, 4, 'R15C19'),
(10834, 15, 39, 12, 0, 0, 4, 'R15C20'),
(10835, 15, 40, 12, 0, 0, 4, 'R15C21'),
(10836, 15, 41, 12, 0, 0, 4, 'R15C22'),
(10837, 15, 42, 12, 0, 0, 4, 'R15C23'),
(10838, 15, 43, 12, 0, 0, 4, 'R15C24'),
(10839, 15, 44, 12, 0, 0, 4, 'R15C25'),
(10840, 15, 45, 12, 0, 0, 4, 'R15C26'),
(10841, 15, 46, 12, 0, 0, 4, 'R15C27'),
(10842, 15, 47, 12, 0, 0, 4, 'R15C28'),
(10843, 15, 48, 12, 0, 0, 4, 'R15C29'),
(10844, 15, 49, 12, 0, 0, 4, 'R15C30'),
(10845, 16, 20, 12, 0, 0, 4, 'R16C1'),
(10846, 16, 21, 12, 0, 0, 4, 'R16C2'),
(10847, 16, 22, 12, 0, 0, 4, 'R16C3'),
(10848, 16, 23, 12, 0, 0, 4, 'R16C4'),
(10849, 16, 24, 12, 0, 0, 4, 'R16C5'),
(10850, 16, 25, 12, 0, 0, 4, 'R16C6'),
(10851, 16, 26, 12, 0, 0, 4, 'R16C7'),
(10852, 16, 27, 12, 0, 0, 4, 'R16C8'),
(10853, 16, 28, 12, 0, 0, 4, 'R16C9'),
(10854, 16, 29, 12, 0, 0, 4, 'R16C10'),
(10855, 16, 30, 12, 0, 0, 4, 'R16C11'),
(10856, 16, 31, 12, 0, 0, 4, 'R16C12'),
(10857, 16, 32, 12, 0, 0, 4, 'R16C13'),
(10858, 16, 33, 12, 0, 0, 4, 'R16C14'),
(10859, 16, 36, 12, 0, 0, 4, 'R16C17'),
(10860, 16, 37, 12, 0, 0, 4, 'R16C18'),
(10861, 16, 38, 12, 0, 0, 4, 'R16C19'),
(10862, 16, 39, 12, 0, 0, 4, 'R16C20'),
(10863, 16, 40, 12, 0, 0, 4, 'R16C21'),
(10864, 16, 41, 12, 0, 0, 4, 'R16C22'),
(10865, 16, 42, 12, 0, 0, 4, 'R16C23'),
(10866, 16, 43, 12, 0, 0, 4, 'R16C24'),
(10867, 16, 44, 12, 0, 0, 4, 'R16C25'),
(10868, 16, 45, 12, 0, 0, 4, 'R16C26'),
(10869, 16, 46, 12, 0, 0, 4, 'R16C27'),
(10870, 16, 47, 12, 0, 0, 4, 'R16C28'),
(10871, 16, 48, 12, 0, 0, 4, 'R16C29'),
(10872, 16, 49, 12, 0, 0, 4, 'R16C30'),
(10873, 17, 20, 12, 0, 0, 4, 'R17C1'),
(10874, 17, 21, 12, 0, 0, 4, 'R17C2'),
(10875, 17, 22, 12, 0, 0, 4, 'R17C3'),
(10876, 17, 23, 12, 0, 0, 4, 'R17C4'),
(10877, 17, 24, 12, 0, 0, 4, 'R17C5'),
(10878, 17, 25, 12, 0, 0, 4, 'R17C6'),
(10879, 17, 26, 12, 0, 0, 4, 'R17C7'),
(10880, 17, 27, 12, 0, 0, 4, 'R17C8'),
(10881, 17, 28, 12, 0, 0, 4, 'R17C9'),
(10882, 17, 29, 12, 0, 0, 4, 'R17C10'),
(10883, 17, 30, 12, 0, 0, 4, 'R17C11'),
(10884, 17, 31, 12, 0, 0, 4, 'R17C12'),
(10885, 17, 32, 12, 0, 0, 4, 'R17C13'),
(10886, 17, 33, 12, 0, 0, 4, 'R17C14'),
(10887, 17, 36, 12, 0, 0, 4, 'R17C17'),
(10888, 17, 37, 12, 0, 0, 4, 'R17C18'),
(10889, 17, 38, 12, 0, 0, 4, 'R17C19'),
(10890, 17, 39, 12, 0, 0, 4, 'R17C20'),
(10891, 17, 40, 12, 0, 0, 4, 'R17C21'),
(10892, 17, 41, 12, 0, 0, 4, 'R17C22'),
(10893, 17, 42, 12, 0, 0, 4, 'R17C23'),
(10894, 17, 43, 12, 0, 0, 4, 'R17C24'),
(10895, 17, 44, 12, 0, 0, 4, 'R17C25'),
(10896, 17, 45, 12, 0, 0, 4, 'R17C26'),
(10897, 17, 46, 12, 0, 0, 4, 'R17C27'),
(10898, 17, 47, 12, 0, 0, 4, 'R17C28'),
(10899, 17, 48, 12, 0, 0, 4, 'R17C29'),
(10900, 17, 49, 12, 0, 0, 4, 'R17C30'),
(10901, 18, 20, 11, 0, 0, 4, 'R18C1'),
(10902, 18, 21, 11, 0, 0, 4, 'R18C2'),
(10903, 18, 22, 11, 0, 0, 4, 'R18C3'),
(10904, 18, 23, 11, 0, 0, 4, 'R18C4'),
(10905, 18, 24, 11, 0, 0, 4, 'R18C5'),
(10906, 18, 25, 11, 0, 0, 4, 'R18C6'),
(10907, 18, 26, 11, 0, 0, 4, 'R18C7'),
(10908, 18, 27, 11, 0, 0, 4, 'R18C8'),
(10909, 18, 28, 11, 0, 0, 4, 'R18C9'),
(10910, 18, 29, 11, 0, 0, 4, 'R18C10'),
(10911, 18, 30, 11, 0, 0, 4, 'R18C11'),
(10912, 18, 31, 11, 0, 0, 4, 'R18C12'),
(10913, 18, 32, 11, 0, 0, 4, 'R18C13'),
(10914, 18, 33, 11, 0, 0, 4, 'R18C14'),
(10915, 18, 36, 11, 0, 0, 4, 'R18C17'),
(10916, 18, 37, 11, 0, 0, 4, 'R18C18'),
(10917, 18, 38, 11, 0, 0, 4, 'R18C19'),
(10918, 18, 39, 11, 0, 0, 4, 'R18C20'),
(10919, 18, 40, 11, 0, 0, 4, 'R18C21'),
(10920, 18, 41, 11, 0, 0, 4, 'R18C22'),
(10921, 18, 42, 11, 0, 0, 4, 'R18C23'),
(10922, 18, 43, 11, 0, 0, 4, 'R18C24'),
(10923, 18, 44, 11, 0, 0, 4, 'R18C25'),
(10924, 18, 45, 11, 0, 0, 4, 'R18C26'),
(10925, 18, 46, 11, 0, 0, 4, 'R18C27'),
(10926, 18, 47, 11, 0, 0, 4, 'R18C28'),
(10927, 18, 48, 11, 0, 0, 4, 'R18C29'),
(10928, 18, 49, 11, 0, 0, 4, 'R18C30'),
(10929, 19, 20, 11, 0, 0, 4, 'R19C1'),
(10930, 19, 21, 11, 0, 0, 4, 'R19C2'),
(10931, 19, 22, 11, 0, 0, 4, 'R19C3'),
(10932, 19, 23, 11, 0, 0, 4, 'R19C4'),
(10933, 19, 24, 11, 0, 0, 4, 'R19C5'),
(10934, 19, 25, 11, 0, 0, 4, 'R19C6'),
(10935, 19, 26, 11, 0, 0, 4, 'R19C7'),
(10936, 19, 27, 11, 0, 0, 4, 'R19C8'),
(10937, 19, 28, 11, 0, 0, 4, 'R19C9'),
(10938, 19, 29, 11, 0, 0, 4, 'R19C10'),
(10939, 19, 30, 11, 0, 0, 4, 'R19C11'),
(10940, 19, 31, 11, 0, 0, 4, 'R19C12'),
(10941, 19, 32, 11, 0, 0, 4, 'R19C13'),
(10942, 19, 33, 11, 0, 0, 4, 'R19C14'),
(10943, 19, 36, 11, 0, 0, 4, 'R19C17'),
(10944, 19, 37, 11, 0, 0, 4, 'R19C18'),
(10945, 19, 38, 11, 0, 0, 4, 'R19C19'),
(10946, 19, 39, 11, 0, 0, 4, 'R19C20'),
(10947, 19, 40, 11, 0, 0, 4, 'R19C21'),
(10948, 19, 41, 11, 0, 0, 4, 'R19C22'),
(10949, 19, 42, 11, 0, 0, 4, 'R19C23'),
(10950, 19, 43, 11, 0, 0, 4, 'R19C24'),
(10951, 19, 44, 11, 0, 0, 4, 'R19C25'),
(10952, 19, 45, 11, 0, 0, 4, 'R19C26'),
(10953, 19, 46, 11, 0, 0, 4, 'R19C27'),
(10954, 19, 47, 11, 0, 0, 4, 'R19C28'),
(10955, 19, 48, 11, 0, 0, 4, 'R19C29'),
(10956, 19, 49, 11, 0, 0, 4, 'R19C30'),
(10957, 20, 20, 11, 0, 0, 4, 'R20C1'),
(10958, 20, 21, 11, 0, 0, 4, 'R20C2'),
(10959, 20, 22, 11, 0, 0, 4, 'R20C3'),
(10960, 20, 23, 11, 0, 0, 4, 'R20C4'),
(10961, 20, 24, 11, 0, 0, 4, 'R20C5'),
(10962, 20, 25, 11, 0, 0, 4, 'R20C6'),
(10963, 20, 26, 11, 0, 0, 4, 'R20C7'),
(10964, 20, 27, 11, 0, 0, 4, 'R20C8'),
(10965, 20, 28, 11, 0, 0, 4, 'R20C9'),
(10966, 20, 29, 11, 0, 0, 4, 'R20C10'),
(10967, 20, 30, 11, 0, 0, 4, 'R20C11'),
(10968, 20, 31, 11, 0, 0, 4, 'R20C12'),
(10969, 20, 32, 11, 0, 0, 4, 'R20C13'),
(10970, 20, 33, 11, 0, 0, 4, 'R20C14'),
(10971, 20, 36, 11, 0, 0, 4, 'R20C17'),
(10972, 20, 37, 11, 0, 0, 4, 'R20C18'),
(10973, 20, 38, 11, 0, 0, 4, 'R20C19'),
(10974, 20, 39, 11, 0, 0, 4, 'R20C20'),
(10975, 20, 40, 11, 0, 0, 4, 'R20C21'),
(10976, 20, 41, 11, 0, 0, 4, 'R20C22'),
(10977, 20, 42, 11, 0, 0, 4, 'R20C23'),
(10978, 20, 43, 11, 0, 0, 4, 'R20C24'),
(10979, 20, 44, 11, 0, 0, 4, 'R20C25'),
(10980, 20, 45, 11, 0, 0, 4, 'R20C26'),
(10981, 20, 46, 11, 0, 0, 4, 'R20C27'),
(10982, 20, 47, 11, 0, 0, 4, 'R20C28'),
(10983, 20, 48, 11, 0, 0, 4, 'R20C29'),
(10984, 20, 49, 11, 0, 0, 4, 'R20C30'),
(10985, 21, 20, 11, 0, 0, 4, 'R21C1'),
(10986, 21, 21, 11, 0, 0, 4, 'R21C2'),
(10987, 21, 22, 11, 0, 0, 4, 'R21C3'),
(10988, 21, 23, 11, 0, 0, 4, 'R21C4'),
(10989, 21, 24, 11, 0, 0, 4, 'R21C5'),
(10990, 21, 25, 11, 0, 0, 4, 'R21C6'),
(10991, 21, 26, 11, 0, 0, 4, 'R21C7'),
(10992, 21, 27, 11, 0, 0, 4, 'R21C8'),
(10993, 21, 28, 11, 0, 0, 4, 'R21C9'),
(10994, 21, 29, 11, 0, 0, 4, 'R21C10'),
(10995, 21, 30, 11, 0, 0, 4, 'R21C11'),
(10996, 21, 31, 11, 0, 0, 4, 'R21C12'),
(10997, 21, 32, 11, 0, 0, 4, 'R21C13'),
(10998, 21, 33, 11, 0, 0, 4, 'R21C14'),
(10999, 21, 36, 11, 0, 0, 4, 'R21C17'),
(11000, 21, 37, 11, 0, 0, 4, 'R21C18'),
(11001, 21, 38, 11, 0, 0, 4, 'R21C19'),
(11002, 21, 39, 11, 0, 0, 4, 'R21C20'),
(11003, 21, 40, 11, 0, 0, 4, 'R21C21'),
(11004, 21, 41, 11, 0, 0, 4, 'R21C22'),
(11005, 21, 42, 11, 0, 0, 4, 'R21C23'),
(11006, 21, 43, 11, 0, 0, 4, 'R21C24'),
(11007, 21, 44, 11, 0, 0, 4, 'R21C25'),
(11008, 21, 45, 11, 0, 0, 4, 'R21C26'),
(11009, 21, 46, 11, 0, 0, 4, 'R21C27'),
(11010, 21, 47, 11, 0, 0, 4, 'R21C28'),
(11011, 21, 48, 11, 0, 0, 4, 'R21C29'),
(11012, 21, 49, 11, 0, 0, 4, 'R21C30');

-- --------------------------------------------------------

--
-- Table structure for table `theaters`
--

CREATE TABLE `theaters` (
  `tht_id` int(10) UNSIGNED NOT NULL,
  `tht_name` varchar(40) NOT NULL,
  `tht_address` varchar(80) NOT NULL,
  `tht_active` tinyint(3) UNSIGNED NOT NULL
) ENGINE=InnoDB DEFAULT CHARSET=utf8;

--
-- Dumping data for table `theaters`
--

INSERT INTO `theaters` (`tht_id`, `tht_name`, `tht_address`, `tht_active`) VALUES
(1, 'Χώρα', '', 1),
(2, 'Δημοτικό Πειραιά', '', 1),
(3, 'Studio Steppe', '', 1),
(4, 'Θεάτρο Δημήτρης Χόρν', 'Αμερικής 10', 1);

-- --------------------------------------------------------

--
-- Table structure for table `types`
--

CREATE TABLE `types` (
  `typ_id` tinyint(3) UNSIGNED NOT NULL,
  `typ_title` varchar(12) NOT NULL
) ENGINE=InnoDB DEFAULT CHARSET=utf8;

--
-- Dumping data for table `types`
--

INSERT INTO `types` (`typ_id`, `typ_title`) VALUES
(1, 'ADT'),
(2, 'CHD'),
(4, 'ELD'),
(3, 'STD');

-- --------------------------------------------------------

--
-- Table structure for table `zones`
--

CREATE TABLE `zones` (
  `zon_id` smallint(5) UNSIGNED NOT NULL,
  `zon_theater_id` int(10) UNSIGNED NOT NULL,
  `zon_title` varchar(45) NOT NULL,
  `zon_csscolor` varchar(6) NOT NULL
) ENGINE=InnoDB DEFAULT CHARSET=utf8;

--
-- Dumping data for table `zones`
--

INSERT INTO `zones` (`zon_id`, `zon_theater_id`, `zon_title`, `zon_csscolor`) VALUES
(1, 2, 'VIP', 'bc18d5'),
(2, 2, 'VIP Θεωρεία', '18e1c6'),
(3, 2, 'Ζώνη Α', '4047ff'),
(4, 2, 'Ζώνη Β', '0ffa7c'),
(5, 2, 'Μπαλκόνι Α', 'facb0f'),
(6, 2, 'Μπαλκόνι Β', 'fa7c0f'),
(7, 2, 'Θεωρεια Επίπεδο Ι', '000'),
(8, 2, 'Θεωρεια Επίπεδο ΙΙ', '0099ff'),
(9, 3, 'VIP', 'cc66ff'),
(10, 3, 'Κανονικό', '3366ff'),
(11, 4, 'VIP', 'd110ad'),
(12, 4, 'Ζώνη Α', '4120d6'),
(13, 4, 'Ζώνη Β', '20d681');

--
-- Indexes for dumped tables
--

--
-- Indexes for table `actors`
--
ALTER TABLE `actors`
  ADD PRIMARY KEY (`act_id`),
  ADD KEY `act_character_id` (`act_character_id`),
  ADD KEY `act_performance_id` (`act_performance_id`),
  ADD KEY `act_people_id` (`act_people_id`);

--
-- Indexes for table `authors`
--
ALTER TABLE `authors`
  ADD PRIMARY KEY (`aut_id`);

--
-- Indexes for table `card_details`
--
ALTER TABLE `card_details`
  ADD PRIMARY KEY (`crd_id`),
  ADD KEY `crd_order_id` (`crd_order_id`);

--
-- Indexes for table `characters`
--
ALTER TABLE `characters`
  ADD PRIMARY KEY (`char_id`),
  ADD UNIQUE KEY `char_play_id_2` (`char_play_id`,`char_name`),
  ADD KEY `char_play_id` (`char_play_id`);

--
-- Indexes for table `genres`
--
ALTER TABLE `genres`
  ADD PRIMARY KEY (`gen_id`),
  ADD UNIQUE KEY `gen_title` (`gen_title`);

--
-- Indexes for table `orders`
--
ALTER TABLE `orders`
  ADD PRIMARY KEY (`ord_id`),
  ADD KEY `ord_performance_id` (`ord_performance_id`),
  ADD KEY `ord_perf_date_id` (`ord_perf_date_id`);

--
-- Indexes for table `order_item`
--
ALTER TABLE `order_item`
  ADD PRIMARY KEY (`itm_id`),
  ADD UNIQUE KEY `itm_order_id_2` (`itm_order_id`,`itm_type_id`,`itm_seatno`,`itm_void`) USING BTREE,
  ADD KEY `itm_type_id` (`itm_type_id`),
  ADD KEY `itm_order_id` (`itm_order_id`);

--
-- Indexes for table `people`
--
ALTER TABLE `people`
  ADD PRIMARY KEY (`ppl_id`);

--
-- Indexes for table `performance`
--
ALTER TABLE `performance`
  ADD PRIMARY KEY (`per_id`),
  ADD KEY `per_play_id` (`per_play_id`),
  ADD KEY `per_theater_id` (`per_theater_id`),
  ADD KEY `per_director_id` (`per_director_id`);

--
-- Indexes for table `performance_dates`
--
ALTER TABLE `performance_dates`
  ADD PRIMARY KEY (`prd_id`),
  ADD UNIQUE KEY `prd_performance_id_2` (`prd_performance_id`,`prd_date`),
  ADD UNIQUE KEY `prd_performance_id_3` (`prd_performance_id`,`prd_season_id`,`prd_date`),
  ADD KEY `prd_performance_id` (`prd_performance_id`);

--
-- Indexes for table `plays`
--
ALTER TABLE `plays`
  ADD PRIMARY KEY (`ply_id`),
  ADD KEY `ply_author_id` (`ply_author_id`),
  ADD KEY `ply_genre_id` (`ply_genre_id`);

--
-- Indexes for table `pricing`
--
ALTER TABLE `pricing`
  ADD PRIMARY KEY (`pri_id`),
  ADD UNIQUE KEY `pri_performance_id_2` (`pri_performance_id`,`pri_zone_id`,`pri_type_id`),
  ADD KEY `pri_type_id` (`pri_type_id`),
  ADD KEY `pri_zone_id` (`pri_zone_id`),
  ADD KEY `pri_performance_id` (`pri_performance_id`);

--
-- Indexes for table `seatmap`
--
ALTER TABLE `seatmap`
  ADD PRIMARY KEY (`smp_id`),
  ADD UNIQUE KEY `smp_rowid` (`smp_rowid`,`smp_colid`,`smp_zoneid`,`smp_theater_id`,`smp_seatname`),
  ADD UNIQUE KEY `smp_theater_id_2` (`smp_theater_id`,`smp_seatname`),
  ADD KEY `smp_zoneid` (`smp_zoneid`),
  ADD KEY `smp_theater_id` (`smp_theater_id`);

--
-- Indexes for table `theaters`
--
ALTER TABLE `theaters`
  ADD PRIMARY KEY (`tht_id`);

--
-- Indexes for table `types`
--
ALTER TABLE `types`
  ADD PRIMARY KEY (`typ_id`),
  ADD UNIQUE KEY `typ_title` (`typ_title`);

--
-- Indexes for table `zones`
--
ALTER TABLE `zones`
  ADD PRIMARY KEY (`zon_id`),
  ADD UNIQUE KEY `zon_theater_id_2` (`zon_theater_id`,`zon_title`),
  ADD KEY `zon_theater_id` (`zon_theater_id`);

--
-- AUTO_INCREMENT for dumped tables
--

--
-- AUTO_INCREMENT for table `actors`
--
ALTER TABLE `actors`
  MODIFY `act_id` int(10) UNSIGNED NOT NULL AUTO_INCREMENT, AUTO_INCREMENT=7;

--
-- AUTO_INCREMENT for table `authors`
--
ALTER TABLE `authors`
  MODIFY `aut_id` mediumint(8) UNSIGNED NOT NULL AUTO_INCREMENT, AUTO_INCREMENT=5;

--
-- AUTO_INCREMENT for table `card_details`
--
ALTER TABLE `card_details`
  MODIFY `crd_id` int(10) UNSIGNED NOT NULL AUTO_INCREMENT;

--
-- AUTO_INCREMENT for table `characters`
--
ALTER TABLE `characters`
  MODIFY `char_id` int(10) UNSIGNED NOT NULL AUTO_INCREMENT, AUTO_INCREMENT=11;

--
-- AUTO_INCREMENT for table `genres`
--
ALTER TABLE `genres`
  MODIFY `gen_id` tinyint(3) UNSIGNED NOT NULL AUTO_INCREMENT, AUTO_INCREMENT=4;

--
-- AUTO_INCREMENT for table `orders`
--
ALTER TABLE `orders`
  MODIFY `ord_id` int(10) UNSIGNED NOT NULL AUTO_INCREMENT, AUTO_INCREMENT=3;

--
-- AUTO_INCREMENT for table `order_item`
--
ALTER TABLE `order_item`
  MODIFY `itm_id` int(10) UNSIGNED NOT NULL AUTO_INCREMENT, AUTO_INCREMENT=10;

--
-- AUTO_INCREMENT for table `people`
--
ALTER TABLE `people`
  MODIFY `ppl_id` int(10) UNSIGNED NOT NULL AUTO_INCREMENT, AUTO_INCREMENT=7;

--
-- AUTO_INCREMENT for table `performance`
--
ALTER TABLE `performance`
  MODIFY `per_id` bigint(20) UNSIGNED NOT NULL AUTO_INCREMENT, AUTO_INCREMENT=4;

--
-- AUTO_INCREMENT for table `performance_dates`
--
ALTER TABLE `performance_dates`
  MODIFY `prd_id` int(10) UNSIGNED NOT NULL AUTO_INCREMENT, AUTO_INCREMENT=11;

--
-- AUTO_INCREMENT for table `plays`
--
ALTER TABLE `plays`
  MODIFY `ply_id` mediumint(8) UNSIGNED NOT NULL AUTO_INCREMENT, AUTO_INCREMENT=6;

--
-- AUTO_INCREMENT for table `pricing`
--
ALTER TABLE `pricing`
  MODIFY `pri_id` int(10) UNSIGNED NOT NULL AUTO_INCREMENT, AUTO_INCREMENT=36;

--
-- AUTO_INCREMENT for table `seatmap`
--
ALTER TABLE `seatmap`
  MODIFY `smp_id` int(10) UNSIGNED NOT NULL AUTO_INCREMENT, AUTO_INCREMENT=11013;

--
-- AUTO_INCREMENT for table `theaters`
--
ALTER TABLE `theaters`
  MODIFY `tht_id` int(10) UNSIGNED NOT NULL AUTO_INCREMENT, AUTO_INCREMENT=5;

--
-- AUTO_INCREMENT for table `types`
--
ALTER TABLE `types`
  MODIFY `typ_id` tinyint(3) UNSIGNED NOT NULL AUTO_INCREMENT, AUTO_INCREMENT=5;

--
-- AUTO_INCREMENT for table `zones`
--
ALTER TABLE `zones`
  MODIFY `zon_id` smallint(5) UNSIGNED NOT NULL AUTO_INCREMENT, AUTO_INCREMENT=14;

--
-- Constraints for dumped tables
--

--
-- Constraints for table `actors`
--
ALTER TABLE `actors`
  ADD CONSTRAINT `actors_ibfk_1` FOREIGN KEY (`act_character_id`) REFERENCES `characters` (`char_id`),
  ADD CONSTRAINT `actors_ibfk_2` FOREIGN KEY (`act_people_id`) REFERENCES `people` (`ppl_id`),
  ADD CONSTRAINT `actors_ibfk_3` FOREIGN KEY (`act_performance_id`) REFERENCES `performance` (`per_id`);

--
-- Constraints for table `card_details`
--
ALTER TABLE `card_details`
  ADD CONSTRAINT `card_details_ibfk_1` FOREIGN KEY (`crd_order_id`) REFERENCES `orders` (`ord_id`);

--
-- Constraints for table `characters`
--
ALTER TABLE `characters`
  ADD CONSTRAINT `characters_ibfk_1` FOREIGN KEY (`char_play_id`) REFERENCES `plays` (`ply_id`);

--
-- Constraints for table `orders`
--
ALTER TABLE `orders`
  ADD CONSTRAINT `orders_ibfk_1` FOREIGN KEY (`ord_performance_id`) REFERENCES `performance` (`per_id`),
  ADD CONSTRAINT `orders_ibfk_2` FOREIGN KEY (`ord_perf_date_id`) REFERENCES `performance_dates` (`prd_id`);

--
-- Constraints for table `order_item`
--
ALTER TABLE `order_item`
  ADD CONSTRAINT `order_item_ibfk_1` FOREIGN KEY (`itm_order_id`) REFERENCES `orders` (`ord_id`),
  ADD CONSTRAINT `order_item_ibfk_2` FOREIGN KEY (`itm_type_id`) REFERENCES `types` (`typ_id`);

--
-- Constraints for table `performance`
--
ALTER TABLE `performance`
  ADD CONSTRAINT `performance_ibfk_1` FOREIGN KEY (`per_director_id`) REFERENCES `people` (`ppl_id`),
  ADD CONSTRAINT `performance_ibfk_2` FOREIGN KEY (`per_play_id`) REFERENCES `plays` (`ply_id`),
  ADD CONSTRAINT `performance_ibfk_3` FOREIGN KEY (`per_theater_id`) REFERENCES `theaters` (`tht_id`);

--
-- Constraints for table `performance_dates`
--
ALTER TABLE `performance_dates`
  ADD CONSTRAINT `performance_dates_ibfk_1` FOREIGN KEY (`prd_performance_id`) REFERENCES `performance` (`per_id`);

--
-- Constraints for table `plays`
--
ALTER TABLE `plays`
  ADD CONSTRAINT `plays_ibfk_1` FOREIGN KEY (`ply_author_id`) REFERENCES `authors` (`aut_id`),
  ADD CONSTRAINT `plays_ibfk_2` FOREIGN KEY (`ply_genre_id`) REFERENCES `genres` (`gen_id`);

--
-- Constraints for table `pricing`
--
ALTER TABLE `pricing`
  ADD CONSTRAINT `pricing_ibfk_1` FOREIGN KEY (`pri_performance_id`) REFERENCES `performance` (`per_id`),
  ADD CONSTRAINT `pricing_ibfk_2` FOREIGN KEY (`pri_type_id`) REFERENCES `types` (`typ_id`),
  ADD CONSTRAINT `pricing_ibfk_3` FOREIGN KEY (`pri_zone_id`) REFERENCES `zones` (`zon_id`);

--
-- Constraints for table `seatmap`
--
ALTER TABLE `seatmap`
  ADD CONSTRAINT `seatmap_ibfk_1` FOREIGN KEY (`smp_zoneid`) REFERENCES `zones` (`zon_id`),
  ADD CONSTRAINT `seatmap_ibfk_2` FOREIGN KEY (`smp_theater_id`) REFERENCES `theaters` (`tht_id`);

--
-- Constraints for table `zones`
--
ALTER TABLE `zones`
  ADD CONSTRAINT `zones_ibfk_1` FOREIGN KEY (`zon_theater_id`) REFERENCES `theaters` (`tht_id`);
COMMIT;

/*!40101 SET CHARACTER_SET_CLIENT=@OLD_CHARACTER_SET_CLIENT */;
/*!40101 SET CHARACTER_SET_RESULTS=@OLD_CHARACTER_SET_RESULTS */;
/*!40101 SET COLLATION_CONNECTION=@OLD_COLLATION_CONNECTION */;
